0110000,札幌市,016012,0,0,,,,,,
0120200,函館市,017012,1,1,,,,,,
0120300,小樽市,016031,1,1,,,,,,
0120400,旭川市,012012,0,0,,,,,,
0120500,室蘭市,015012,1,1,,,,,,
0120601,釧路市釧路,014024,1,1,,,,,,
0120602,釧路市阿寒,014022,0,0,,,,,,
0120603,釧路市音別,014024,1,1,,,,,,
0120700,帯広市,014032,0,0,,,,,,
0120801,北見市北見,013020,0,0,,,,,,
0120802,北見市常呂,013011,1,1,,,,,,
0120900,夕張市,016023,0,0,,,,,,
0121000,岩見沢市,016023,0,0,,,,,,
0121100,網走市,013011,1,1,,,,,,
0121200,留萌市,012023,1,1,,,,,,
0121300,苫小牧市,015012,1,1,,,,,,
0121400,稚内市,011011,1,1,,,,,,
0121500,美唄市,016023,0,0,,,,,,
0121600,芦別市,016022,0,0,,,,,,
0121700,江別市,016012,0,0,,,,,,
0121800,赤平市,016022,0,0,,,,,,
0121900,紋別市,013031,1,1,,,,,,
0122000,士別市,012011,0,0,,,,,,
0122100,名寄市,012011,0,0,,,,,,
0122200,三笠市,016023,0,0,,,,,,
0122300,根室市,014013,1,1,,,,,,
0122400,千歳市,016013,0,0,,,,,,
0122500,滝川市,016022,0,0,,,,,,
0122600,砂川市,016022,0,0,,,,,,
0122700,歌志内市,016022,0,0,,,,,,
0122800,深川市,016021,0,0,,,,,,
0122900,富良野市,012013,0,0,,,,,,
0123000,登別市,015012,1,1,,,,,,
0123100,恵庭市,016013,0,0,,,,,,
0123301,伊達市伊達,015011,1,1,,,,,,
0123302,伊達市大滝,015011,0,0,,,,,,
0123400,北広島市,016013,0,0,,,,,,
0123500,石狩市,016011,1,1,,,,,,
0123600,北斗市,017012,1,1,,,,,,
0130300,当別町,016011,0,0,,,,,,
0130400,新篠津村,016011,0,0,,,,,,
0133100,松前町,017013,1,1,,,,,,
0133200,福島町,017013,1,1,,,,,,
0133300,知内町,017013,1,1,,,,,,
0133400,木古内町,017013,1,1,,,,,,
0133700,七飯町,017012,0,0,,,,,,
0134300,鹿部町,017012,1,1,,,,,,
0134500,森町,017012,1,1,,,,,,
0134601,八雲町八雲,017011,1,1,,,,,,
0134602,八雲町熊石,017021,1,1,,,,,,
0134700,長万部町,017011,1,1,,,,,,
0136100,江差町,017022,1,1,,,,,,
0136200,上ノ国町,017022,1,1,,,,,,
0136300,厚沢部町,017022,0,0,,,,,,
0136400,乙部町,017022,1,1,,,,,,
0136700,奥尻町,017023,1,1,,,,,,
0137000,今金町,017021,0,0,,,,,,
0137100,せたな町,017021,1,1,,,,,,
0139100,島牧村,016033,1,1,,,,,,
0139200,寿都町,016033,1,1,,,,,,
0139300,黒松内町,016033,0,0,,,,,,
0139400,蘭越町,016033,1,1,,,,,,
0139500,ニセコ町,016032,0,0,,,,,,
0139600,真狩村,016032,0,0,,,,,,
0139700,留寿都村,016032,0,0,,,,,,
0139800,喜茂別町,016032,0,0,,,,,,
0139900,京極町,016032,0,0,,,,,,
0140000,倶知安町,016032,0,0,,,,,,
0140100,共和町,016033,1,1,,,,,,
0140200,岩内町,016033,1,1,,,,,,
0140300,泊村,016033,1,1,,,,,,
0140400,神恵内村,016033,1,1,,,,,,
0140500,積丹町,016031,1,1,,,,,,
0140600,古平町,016031,1,1,,,,,,
0140700,仁木町,016031,0,0,,,,,,
0140800,余市町,016031,1,1,,,,,,
0140900,赤井川村,016031,0,0,,,,,,
0142300,南幌町,016023,0,0,,,,,,
0142400,奈井江町,016022,0,0,,,,,,
0142500,上砂川町,016022,0,0,,,,,,
0142700,由仁町,016023,0,0,,,,,,
0142800,長沼町,016023,0,0,,,,,,
0142900,栗山町,016023,0,0,,,,,,
0143000,月形町,016023,0,0,,,,,,
0143100,浦臼町,016022,0,0,,,,,,
0143200,新十津川町,016022,0,0,,,,,,
0143300,妹背牛町,016021,0,0,,,,,,
0143400,秩父別町,016021,0,0,,,,,,
0143600,雨竜町,016022,0,0,,,,,,
0143700,北竜町,016021,0,0,,,,,,
0143800,沼田町,016021,0,0,,,,,,
0145200,鷹栖町,012012,0,0,,,,,,
0145300,東神楽町,012012,0,0,,,,,,
0145400,当麻町,012012,0,0,,,,,,
0145500,比布町,012012,0,0,,,,,,
0145600,愛別町,012012,0,0,,,,,,
0145700,上川町,012012,0,0,,,,,,
0145800,東川町,012012,0,0,,,,,,
0145900,美瑛町,012012,0,0,,,,,,
0146000,上富良野町,012013,0,0,,,,,,
0146100,中富良野町,012013,0,0,,,,,,
0146200,南富良野町,012013,0,0,,,,,,
0146300,占冠村,012013,0,0,,,,,,
0146400,和寒町,012011,0,0,,,,,,
0146500,剣淵町,012011,0,0,,,,,,
0146800,下川町,012011,0,0,,,,,,
0146900,美深町,012011,0,0,,,,,,
0147000,音威子府村,012011,0,0,,,,,,
0147100,中川町,012011,0,0,,,,,,
0147200,幌加内町,012011,0,0,,,,,,
0148100,増毛町,012023,1,1,,,,,,
0148200,小平町,012023,1,1,,,,,,
0148300,苫前町,012022,1,1,,,,,,
0148401,羽幌町,012022,1,1,,,,,,
0148402,天売焼尻,012022,1,1,,,,,,
0148500,初山別村,012022,1,1,,,,,,
0148600,遠別町,012021,1,1,,,,,,
0148700,天塩町,012021,1,1,,,,,,
0151100,猿払村,011011,1,1,,,,,,
0151200,浜頓別町,011012,1,1,,,,,,
0151300,中頓別町,011012,0,0,,,,,,
0151400,枝幸町,011012,1,1,,,,,,
0151600,豊富町,011011,1,1,,,,,,
0151700,礼文町,011013,1,1,,,,,,
0151800,利尻町,011013,1,1,,,,,,
0151900,利尻富士町,011013,1,1,,,,,,
0152000,幌延町,011011,1,1,,,,,,
0154300,美幌町,013013,0,0,,,,,,
0154400,津別町,013013,0,0,,,,,,
0154500,斜里町,013012,1,1,,,,,,
0154600,清里町,013012,0,0,,,,,,
0154700,小清水町,013012,1,1,,,,,,
0154900,訓子府町,013020,0,0,,,,,,
0155000,置戸町,013020,0,0,,,,,,
0155200,佐呂間町,013011,1,0,,,,,,
0155500,遠軽町,013032,0,0,,,,,,
0155900,湧別町,013032,1,1,,,,,,
0156000,滝上町,013031,0,0,,,,,,
0156100,興部町,013031,1,1,,,,,,
0156200,西興部村,013031,0,0,,,,,,
0156300,雄武町,013031,1,1,,,,,,
0156400,大空町,013011,0,0,,,,,,
0157100,豊浦町,015011,1,1,,,,,,
0157500,壮瞥町,015011,0,0,,,,,,
0157800,白老町,015012,1,1,,,,,,
0158100,厚真町,015013,1,1,,,,,,
0158400,洞爺湖町,015011,1,1,,,,,,
0158500,安平町,015013,0,0,,,,,,
0158600,むかわ町,015013,1,1,,,,,,
0160101,日高町日高,015021,0,0,,,,,,
0160102,日高町門別,015021,1,1,,,,,,
0160200,平取町,015021,0,0,,,,,,
0160400,新冠町,015022,1,1,,,,,,
0160700,浦河町,015023,1,1,,,,,,
0160800,様似町,015023,1,1,,,,,,
0160900,えりも町,015023,1,1,,,,,,
0161000,新ひだか町,015022,1,1,,,,,,
0163100,音更町,014032,0,0,,,,,,
0163200,士幌町,014032,0,0,,,,,,
0163300,上士幌町,014031,0,0,,,,,,
0163400,鹿追町,014031,0,0,,,,,,
0163500,新得町,014031,0,0,,,,,,
0163600,清水町,014032,0,0,,,,,,
0163700,芽室町,014032,0,0,,,,,,
0163800,中札内村,014033,0,0,,,,,,
0163900,更別村,014033,0,0,,,,,,
0164100,大樹町,014033,1,1,,,,,,
0164200,広尾町,014033,1,1,,,,,,
0164300,幕別町,014032,0,0,,,,,,
0164400,池田町,014032,0,0,,,,,,
0164500,豊頃町,014032,1,1,,,,,,
0164600,本別町,014032,0,0,,,,,,
0164700,足寄町,014031,0,0,,,,,,
0164800,陸別町,014031,0,0,,,,,,
0164900,浦幌町,014032,1,1,,,,,,
0166100,釧路町,014024,1,1,,,,,,
0166200,厚岸町,014023,1,1,,,,,,
0166300,浜中町,014023,1,1,,,,,,
0166400,標茶町,014022,0,0,,,,,,
0166500,弟子屈町,014021,0,0,,,,,,
0166700,鶴居村,014022,0,0,,,,,,
0166800,白糠町,014024,1,1,,,,,,
0169100,別海町,014012,1,1,,,,,,
0169200,中標津町,014011,0,0,,,,,,
0169300,標津町,014011,1,1,,,,,,
0169400,羅臼町,014011,1,1,,,,,,
0220100,青森市,020011,1,1,,,,,,
0220200,弘前市,020014,0,0,,,,,,
0220300,八戸市,020031,1,1,,,,,,
0220400,黒石市,020014,0,0,,,,,,
0220500,五所川原市,020012,1,1,,,,,,
0220600,十和田市,020032,0,0,,,,,,
0220700,三沢市,020031,1,1,,,,,,
0220800,むつ市,020020,1,1,,,,,,
0220900,つがる市,020013,1,1,,,,,,
0221000,平川市,020014,0,0,,,,,,
0230100,平内町,020011,1,1,,,,,,
0230300,今別町,020011,1,1,,,,,,
0230400,蓬田村,020011,1,1,,,,,,
0230700,外ヶ浜町,020011,1,1,,,,,,
0232100,鰺ヶ沢町,020013,1,1,,,,,,
0232300,深浦町,020013,1,1,,,,,,
0234300,西目屋村,020014,0,0,,,,,,
0236100,藤崎町,020014,0,0,,,,,,
0236200,大鰐町,020014,0,0,,,,,,
0236700,田舎館村,020014,0,0,,,,,,
0238100,板柳町,020012,0,0,,,,,,
0238400,鶴田町,020012,0,0,,,,,,
0238700,中泊町,020012,1,1,,,,,,
0240100,野辺地町,020032,1,1,,,,,,
0240200,七戸町,020032,0,0,,,,,,
0240500,六戸町,020031,0,0,,,,,,
0240600,横浜町,020032,1,1,,,,,,
0240800,東北町,020032,0,0,,,,,,
0241100,六ヶ所村,020032,1,1,,,,,,
0241200,おいらせ町,020031,1,1,,,,,,
0242300,大間町,020020,1,1,,,,,,
0242400,東通村,020020,1,1,,,,,,
0242500,風間浦村,020020,1,1,,,,,,
0242600,佐井村,020020,1,1,,,,,,
0244100,三戸町,020031,0,0,,,,,,
0244200,五戸町,020031,0,0,,,,,,
0244300,田子町,020031,0,0,,,,,,
0244500,南部町,020031,0,0,,,,,,
0244600,階上町,020031,1,1,,,,,,
0245000,新郷村,020031,0,0,,,,,,
0320100,盛岡市,030011,0,0,,,,,,
0320200,宮古市,030022,1,1,,,,,,
0320300,大船渡市,030032,1,1,,,,,,
0320500,花巻市,030013,0,0,,,,,,
0320600,北上市,030013,0,0,,,,,,
0320700,久慈市,030021,1,1,,,,,,
0320800,遠野市,030014,0,0,,,,,,
0320900,一関市,030016,0,0,,,,,,
0321000,陸前高田市,030032,1,1,,,,,,
0321100,釜石市,030031,1,1,,,,,,
0321300,二戸市,030012,0,0,,,,,,
0321400,八幡平市,030011,0,0,,,,,,
0321500,奥州市,030015,0,0,,,,,,
0330100,雫石町,030011,0,0,,,,,,
0330200,葛巻町,030011,0,0,,,,,,
0330300,岩手町,030011,0,0,,,,,,
0330500,滝沢村,030011,0,0,,,,,,
0332100,紫波町,030011,0,0,,,,,,
0332200,矢巾町,030011,0,0,,,,,,
0336600,西和賀町,030013,0,0,,,,,,
0338100,金ケ崎町,030015,0,0,,,,,,
0340200,平泉町,030016,0,0,,,,,,
0342200,藤沢町,030016,0,0,,,,,,
0344100,住田町,030032,0,0,,,,,,
0346100,大槌町,030031,1,1,,,,,,
0348200,山田町,030022,1,1,,,,,,
0348300,岩泉町,030022,1,1,,,,,,
0348400,田野畑村,030022,1,1,,,,,,
0348500,普代村,030021,1,1,,,,,,
0350100,軽米町,030012,0,0,,,,,,
0350300,野田村,030021,1,1,,,,,,
0350600,九戸村,030012,0,0,,,,,,
0350700,洋野町,030021,1,1,,,,,,
0352400,一戸町,030012,0,0,,,,,,
0410001,仙台市東部,040011,1,1,,,,,,
0410002,仙台市西部,040021,0,0,,,,,,
0420200,石巻市,040012,1,1,,,,,,
0420300,塩竈市,040011,1,1,,,,,,
0420500,気仙沼市,040014,1,1,,,,,,
0420600,白石市,040022,0,0,,,,,,
0420700,名取市,040011,1,1,,,,,,
0420800,角田市,040015,0,0,,,,,,
0420900,多賀城市,040011,1,1,,,,,,
0421100,岩沼市,040011,1,1,,,,,,
0421200,登米市,040016,0,0,,,,,,
0421301,栗原市東部,040016,0,0,,,,,,
0421302,栗原市西部,040024,0,0,,,,,,
0421400,東松島市,040012,1,1,,,,,,
0421501,大崎市東部,040013,0,0,,,,,,
0421502,大崎市西部,040023,0,0,,,,,,
0430100,蔵王町,040022,0,0,,,,,,
0430200,七ヶ宿町,040022,0,0,,,,,,
0432100,大河原町,040015,0,0,,,,,,
0432200,村田町,040015,0,0,,,,,,
0432300,柴田町,040015,0,0,,,,,,
0432400,川崎町,040022,0,0,,,,,,
0434100,丸森町,040015,0,0,,,,,,
0436100,亘理町,040011,1,1,,,,,,
0436200,山元町,040011,1,1,,,,,,
0440100,松島町,040011,1,1,,,,,,
0440400,七ヶ浜町,040011,1,1,,,,,,
0440600,利府町,040011,1,1,,,,,,
0442101,大和町東部,040011,0,0,,,,,,
0442102,大和町西部,040021,0,0,,,,,,
0442200,大郷町,040011,0,0,,,,,,
0442300,富谷町,040011,0,0,,,,,,
0442400,大衡村,040021,0,0,,,,,,
0444400,色麻町,040023,0,0,,,,,,
0444500,加美町,040023,0,0,,,,,,
0450100,涌谷町,040013,0,0,,,,,,
0450500,美里町,040013,0,0,,,,,,
0458100,女川町,040012,1,1,,,,,,
0460600,南三陸町,040014,1,1,,,,,,
0520100,秋田市,050011,1,1,,,,,,
0520200,能代市,050012,1,1,,,,,,
0520300,横手市,050022,0,0,,,,,,
0520400,大館市,050021,0,0,,,,,,
0520600,男鹿市,050011,1,1,,,,,,
0520700,湯沢市,050023,0,0,,,,,,
0520900,鹿角市,050021,0,0,,,,,,
0521000,由利本荘市,050013,1,1,,,,,,
0521100,潟上市,050011,1,1,,,,,,
0521200,大仙市,050022,0,0,,,,,,
0521300,北秋田市,050021,0,0,,,,,,
0521400,にかほ市,050013,1,1,,,,,,
0521500,仙北市,050022,0,0,,,,,,
0530300,小坂町,050021,0,0,,,,,,
0532700,上小阿仁村,050021,0,0,,,,,,
0534600,藤里町,050012,0,0,,,,,,
0534800,三種町,050012,1,1,,,,,,
0534900,八峰町,050012,1,1,,,,,,
0536100,五城目町,050011,0,0,,,,,,
0536300,八郎潟町,050011,0,0,,,,,,
0536600,井川町,050011,0,0,,,,,,
0536800,大潟村,050011,0,0,,,,,,
0543400,美郷町,050022,0,0,,,,,,
0546300,羽後町,050023,0,0,,,,,,
0546400,東成瀬村,050023,0,0,,,,,,
0620100,山形市,060011,0,0,,,,,,
0620200,米沢市,060021,0,0,,,,,,
0620300,鶴岡市,060032,1,1,,,,,,
0620400,酒田市,060031,1,1,,,,,,
0620500,新庄市,060040,0,0,,,,,,
0620600,寒河江市,060013,0,0,,,,,,
0620700,上山市,060011,0,0,,,,,,
0620800,村山市,060012,0,0,,,,,,
0620900,長井市,060022,0,0,,,,,,
0621000,天童市,060011,0,0,,,,,,
0621100,東根市,060012,0,0,,,,,,
0621200,尾花沢市,060012,0,0,,,,,,
0621300,南陽市,060021,0,0,,,,,,
0630100,山辺町,060011,0,0,,,,,,
0630200,中山町,060011,0,0,,,,,,
0632100,河北町,060013,0,0,,,,,,
0632200,西川町,060013,0,0,,,,,,
0632300,朝日町,060013,0,0,,,,,,
0632400,大江町,060013,0,0,,,,,,
0634100,大石田町,060012,0,0,,,,,,
0636100,金山町,060040,0,0,,,,,,
0636200,最上町,060040,0,0,,,,,,
0636300,舟形町,060040,0,0,,,,,,
0636400,真室川町,060040,0,0,,,,,,
0636500,大蔵村,060040,0,0,,,,,,
0636600,鮭川村,060040,0,0,,,,,,
0636700,戸沢村,060040,0,0,,,,,,
0638100,高畠町,060021,0,0,,,,,,
0638200,川西町,060021,0,0,,,,,,
0640100,小国町,060022,0,0,,,,,,
0640200,白鷹町,060022,0,0,,,,,,
0640300,飯豊町,060022,0,0,,,,,,
0642600,三川町,060032,0,0,,,,,,
0642800,庄内町,060032,0,0,,,,,,
0646100,遊佐町,060031,1,1,,,,,,
0720100,福島市,070011,0,0,,,,,,
0720200,会津若松市,070032,0,0,,,,,,
0720301,郡山市,070012,0,0,,,,,,
0720302,郡山市湖南,070032,0,0,,,,,,
0720400,いわき市,070023,1,1,,,,,,
0720500,白河市,070013,0,0,,,,,,
0720700,須賀川市,070012,0,0,,,,,,
0720800,喜多方市,070031,0,0,,,,,,
0720900,相馬市,070021,1,1,,,,,,
0721000,二本松市,070012,0,0,,,,,,
0721100,田村市,070012,0,0,,,,,,
0721200,南相馬市,070021,1,1,,,,,,
0721300,伊達市,070011,0,0,,,,,,
0721400,本宮市,070012,0,0,,,,,,
0730100,桑折町,070011,0,0,,,,,,
0730300,国見町,070011,0,0,,,,,,
0730800,川俣町,070011,0,0,,,,,,
0732200,大玉村,070012,0,0,,,,,,
0734200,鏡石町,070012,0,0,,,,,,
0734401,天栄村,070012,0,0,,,,,,
0734402,天栄村湯本,070033,0,0,,,,,,
0736200,下郷町,070033,0,0,,,,,,
0736400,檜枝岐村,070033,0,0,,,,,,
0736700,只見町,070033,0,0,,,,,,
0736800,南会津町,070033,0,0,,,,,,
0740200,北塩原村,070031,0,0,,,,,,
0740500,西会津町,070031,0,0,,,,,,
0740700,磐梯町,070031,0,0,,,,,,
0740800,猪苗代町,070031,0,0,,,,,,
0742100,会津坂下町,070032,0,0,,,,,,
0742200,湯川村,070032,0,0,,,,,,
0742300,柳津町,070032,0,0,,,,,,
0744400,三島町,070032,0,0,,,,,,
0744500,金山町,070032,0,0,,,,,,
0744600,昭和村,070032,0,0,,,,,,
0744700,会津美里町,070032,0,0,,,,,,
0746100,西郷村,070013,0,0,,,,,,
0746400,泉崎村,070013,0,0,,,,,,
0746500,中島村,070013,0,0,,,,,,
0746600,矢吹町,070013,0,0,,,,,,
0748100,棚倉町,070013,0,0,,,,,,
0748200,矢祭町,070013,0,0,,,,,,
0748300,塙町,070013,0,0,,,,,,
0748400,鮫川村,070013,0,0,,,,,,
0750100,石川町,070013,0,0,,,,,,
0750200,玉川村,070013,0,0,,,,,,
0750300,平田村,070013,0,0,,,,,,
0750400,浅川町,070013,0,0,,,,,,
0750500,古殿町,070013,0,0,,,,,,
0752100,三春町,070012,0,0,,,,,,
0752200,小野町,070012,0,0,,,,,,
0754100,広野町,070022,1,1,,,,,,
0754200,楢葉町,070022,1,1,,,,,,
0754300,富岡町,070022,1,1,,,,,,
0754400,川内村,070022,0,0,,,,,,
0754500,大熊町,070022,1,1,,,,,,
0754600,双葉町,070022,1,1,,,,,,
0754700,浪江町,070022,1,1,,,,,,
0754800,葛尾村,070022,0,0,,,,,,
0756100,新地町,070021,1,1,,,,,,
0756400,飯舘村,070021,0,0,,,,,,
0820100,水戸市,080011,0,0,,,,,,
0820200,日立市,080012,1,1,,,,,,
0820300,土浦市,080022,0,0,,,,,,
0820400,古河市,080023,0,0,,,,,,
0820500,石岡市,080022,0,0,,,,,,
0820700,結城市,080023,0,0,,,,,,
0820800,龍ケ崎市,080022,0,0,,,,,,
0821000,下妻市,080023,0,0,,,,,,
0821100,常総市,080023,0,0,,,,,,
0821200,常陸太田市,080012,0,0,,,,,,
0821400,高萩市,080012,1,1,,,,,,
0821500,北茨城市,080012,1,1,,,,,,
0821600,笠間市,080011,0,0,,,,,,
0821700,取手市,080022,0,0,,,,,,
0821900,牛久市,080022,0,0,,,,,,
0822000,つくば市,080022,0,0,,,,,,
0822100,ひたちなか市,080012,1,1,,,,,,
0822200,鹿嶋市,080021,1,1,,,,,,
0822300,潮来市,080021,0,0,,,,,,
0822400,守谷市,080022,0,0,,,,,,
0822500,常陸大宮市,080012,0,0,,,,,,
0822600,那珂市,080012,0,0,,,,,,
0822700,筑西市,080023,0,0,,,,,,
0822800,坂東市,080023,0,0,,,,,,
0822900,稲敷市,080022,0,0,,,,,,
0823000,かすみがうら市,080022,0,0,,,,,,
0823100,桜川市,080023,0,0,,,,,,
0823200,神栖市,080021,1,1,,,,,,
0823300,行方市,080021,0,0,,,,,,
0823400,鉾田市,080021,1,1,,,,,,
0823500,つくばみらい市,080022,0,0,,,,,,
0823600,小美玉市,080011,0,0,,,,,,
0830200,茨城町,080011,0,0,,,,,,
0830900,大洗町,080011,1,1,,,,,,
0831000,城里町,080011,0,0,,,,,,
0834100,東海村,080012,1,1,,,,,,
0836400,大子町,080012,0,0,,,,,,
0844200,美浦村,080022,0,0,,,,,,
0844300,阿見町,080022,0,0,,,,,,
0844700,河内町,080022,0,0,,,,,,
0852100,八千代町,080023,0,0,,,,,,
0854200,五霞町,080023,0,0,,,,,,
0854600,境町,080023,0,0,,,,,,
0856400,利根町,080022,0,0,,,,,,
0920100,宇都宮市,090011,0,0,,,,,,
0920200,足利市,090013,0,0,,,,,,
0920300,栃木市,090013,0,0,,,,,,
0920400,佐野市,090013,0,0,,,,,,
0920500,鹿沼市,090013,0,0,,,,,,
0920600,日光市,090022,0,0,,,,,,
0920800,小山市,090013,0,0,,,,,,
0920900,真岡市,090012,0,0,,,,,,
0921000,大田原市,090021,0,0,,,,,,
0921100,矢板市,090021,0,0,,,,,,
0921300,那須塩原市,090021,0,0,,,,,,
0921400,さくら市,090011,0,0,,,,,,
0921500,那須烏山市,090012,0,0,,,,,,
0921600,下野市,090013,0,0,,,,,,
0930100,上三川町,090011,0,0,,,,,,
0932100,西方町,090013,0,0,,,,,,
0934200,益子町,090012,0,0,,,,,,
0934300,茂木町,090012,0,0,,,,,,
0934400,市貝町,090012,0,0,,,,,,
0934500,芳賀町,090012,0,0,,,,,,
0936100,壬生町,090013,0,0,,,,,,
0936400,野木町,090013,0,0,,,,,,
0936700,岩舟町,090013,0,0,,,,,,
0938400,塩谷町,090021,0,0,,,,,,
0938600,高根沢町,090011,0,0,,,,,,
0940700,那須町,090021,0,0,,,,,,
0941100,那珂川町,090012,0,0,,,,,,
1020100,前橋市,100011,0,0,,,,,,
1020200,高崎市,100013,0,0,,,,,,
1020300,桐生市,100011,0,0,,,,,,
1020400,伊勢崎市,100012,0,0,,,,,,
1020500,太田市,100012,0,0,,,,,,
1020600,沼田市,100021,0,0,,,,,,
1020700,館林市,100012,0,0,,,,,,
1020800,渋川市,100011,0,0,,,,,,
1020900,藤岡市,100013,0,0,,,,,,
1021000,富岡市,100013,0,0,,,,,,
1021100,安中市,100013,0,0,,,,,,
1021200,みどり市,100011,0,0,,,,,,
1034400,榛東村,100011,0,0,,,,,,
1034500,吉岡町,100011,0,0,,,,,,
1036600,上野村,100013,0,0,,,,,,
1036700,神流町,100013,0,0,,,,,,
1038200,下仁田町,100013,0,0,,,,,,
1038300,南牧村,100013,0,0,,,,,,
1038400,甘楽町,100013,0,0,,,,,,
1042100,中之条町,100022,0,0,,,,,,
1042400,長野原町,100022,0,0,,,,,,
1042500,嬬恋村,100022,0,0,,,,,,
1042600,草津町,100022,0,0,,,,,,
1042800,高山村,100022,0,0,,,,,,
1042900,東吾妻町,100022,0,0,,,,,,
1044300,片品村,100021,0,0,,,,,,
1044400,川場村,100021,0,0,,,,,,
1044800,昭和村,100021,0,0,,,,,,
1044900,みなかみ町,100021,0,0,,,,,,
1046400,玉村町,100012,0,0,,,,,,
1052100,板倉町,100012,0,0,,,,,,
1052200,明和町,100012,0,0,,,,,,
1052300,千代田町,100012,0,0,,,,,,
1052400,大泉町,100012,0,0,,,,,,
1052500,邑楽町,100012,0,0,,,,,,
1110000,さいたま市,110011,0,0,,,,,,
1120100,川越市,110011,0,0,,,,,,
1120200,熊谷市,110022,0,0,,,,,,
1120300,川口市,110011,0,0,,,,,,
1120600,行田市,110021,0,0,,,,,,
1120700,秩父市,110030,0,0,,,,,,
1120800,所沢市,110011,0,0,,,,,,
1120900,飯能市,110013,0,0,,,,,,
1121000,加須市,110021,0,0,,,,,,
1121100,本庄市,110022,0,0,,,,,,
1121200,東松山市,110022,0,0,,,,,,
1121400,春日部市,110012,0,0,,,,,,
1121500,狭山市,110011,0,0,,,,,,
1121600,羽生市,110021,0,0,,,,,,
1121700,鴻巣市,110021,0,0,,,,,,
1121800,深谷市,110022,0,0,,,,,,
1121900,上尾市,110011,0,0,,,,,,
1122100,草加市,110012,0,0,,,,,,
1122200,越谷市,110012,0,0,,,,,,
1122300,蕨市,110011,0,0,,,,,,
1122400,戸田市,110011,0,0,,,,,,
1122500,入間市,110013,0,0,,,,,,
1122600,鳩ヶ谷市,110011,0,0,,,,,,
1122700,朝霞市,110011,0,0,,,,,,
1122800,志木市,110011,0,0,,,,,,
1122900,和光市,110011,0,0,,,,,,
1123000,新座市,110011,0,0,,,,,,
1123100,桶川市,110011,0,0,,,,,,
1123200,久喜市,110021,0,0,,,,,,
1123300,北本市,110011,0,0,,,,,,
1123400,八潮市,110012,0,0,,,,,,
1123500,富士見市,110011,0,0,,,,,,
1123700,三郷市,110012,0,0,,,,,,
1123800,蓮田市,110012,0,0,,,,,,
1123900,坂戸市,110013,0,0,,,,,,
1124000,幸手市,110012,0,0,,,,,,
1124100,鶴ヶ島市,110013,0,0,,,,,,
1124200,日高市,110013,0,0,,,,,,
1124300,吉川市,110012,0,0,,,,,,
1124500,ふじみ野市,110011,0,0,,,,,,
1130100,伊奈町,110011,0,0,,,,,,
1132400,三芳町,110011,0,0,,,,,,
1132600,毛呂山町,110013,0,0,,,,,,
1132700,越生町,110013,0,0,,,,,,
1134100,滑川町,110022,0,0,,,,,,
1134200,嵐山町,110022,0,0,,,,,,
1134300,小川町,110022,0,0,,,,,,
1134600,川島町,110011,0,0,,,,,,
1134700,吉見町,110022,0,0,,,,,,
1134800,鳩山町,110022,0,0,,,,,,
1134900,ときがわ町,110022,0,0,,,,,,
1136100,横瀬町,110030,0,0,,,,,,
1136200,皆野町,110030,0,0,,,,,,
1136300,長瀞町,110030,0,0,,,,,,
1136500,小鹿野町,110030,0,0,,,,,,
1136900,東秩父村,110022,0,0,,,,,,
1138100,美里町,110022,0,0,,,,,,
1138300,神川町,110022,0,0,,,,,,
1138500,上里町,110022,0,0,,,,,,
1140800,寄居町,110022,0,0,,,,,,
1144200,宮代町,110012,0,0,,,,,,
1144500,白岡町,110012,0,0,,,,,,
1146400,杉戸町,110012,0,0,,,,,,
1146500,松伏町,110012,0,0,,,,,,
1210000,千葉市,120011,1,1,,,,,,
1220200,銚子市,120021,1,1,,,,,,
1220300,市川市,120013,1,1,,,,,,
1220400,船橋市,120013,1,1,,,,,,
1220500,館山市,120032,1,1,,,,,,
1220600,木更津市,120031,1,1,,,,,,
1220700,松戸市,120013,0,0,,,,,,
1220800,野田市,120013,0,0,,,,,,
1221000,茂原市,120022,0,0,,,,,,
1221100,成田市,120012,0,0,,,,,,
1221200,佐倉市,120012,0,0,,,,,,
1221300,東金市,120022,0,0,,,,,,
1221500,旭市,120021,1,1,,,,,,
1221600,習志野市,120013,1,1,,,,,,
1221700,柏市,120013,0,0,,,,,,
1221800,勝浦市,120032,1,1,,,,,,
1221900,市原市,120011,1,1,,,,,,
1222000,流山市,120013,0,0,,,,,,
1222100,八千代市,120013,0,0,,,,,,
1222200,我孫子市,120013,0,0,,,,,,
1222300,鴨川市,120032,1,1,,,,,,
1222400,鎌ヶ谷市,120013,0,0,,,,,,
1222500,君津市,120031,1,1,,,,,,
1222600,富津市,120031,1,1,,,,,,
1222700,浦安市,120013,1,1,,,,,,
1222800,四街道市,120012,0,0,,,,,,
1222900,袖ヶ浦市,120031,1,1,,,,,,
1223000,八街市,120012,0,0,,,,,,
1223100,印西市,120012,0,0,,,,,,
1223200,白井市,120012,0,0,,,,,,
1223300,富里市,120012,0,0,,,,,,
1223400,南房総市,120032,1,1,,,,,,
1223500,匝瑳市,120021,1,1,,,,,,
1223600,香取市,120021,0,0,,,,,,
1223700,山武市,120022,1,1,,,,,,
1223800,いすみ市,120032,1,1,,,,,,
1232200,酒々井町,120012,0,0,,,,,,
1232900,栄町,120012,0,0,,,,,,
1234200,神崎町,120021,0,0,,,,,,
1234700,多古町,120021,0,0,,,,,,
1234900,東庄町,120021,0,0,,,,,,
1240200,大網白里町,120022,1,1,,,,,,
1240300,九十九里町,120022,1,1,,,,,,
1240900,芝山町,120022,0,0,,,,,,
1241000,横芝光町,120022,1,1,,,,,,
1242100,一宮町,120022,1,1,,,,,,
1242200,睦沢町,120022,0,0,,,,,,
1242300,長生村,120022,1,1,,,,,,
1242400,白子町,120022,1,1,,,,,,
1242600,長柄町,120022,0,0,,,,,,
1242700,長南町,120022,0,0,,,,,,
1244100,大多喜町,120032,0,0,,,,,,
1244300,御宿町,120032,1,1,,,,,,
1246300,鋸南町,120032,1,1,,,,,,
1310100,千代田区,130011,1,0,,,,,,
1310200,中央区,130011,1,1,,,,,,
1310300,港区,130011,1,1,,,,,,
1310400,新宿区,130011,0,0,,,,,,
1310500,文京区,130011,1,0,,,,,,
1310600,台東区,130012,1,0,,,,,,
1310700,墨田区,130012,1,0,,,,,,
1310800,江東区,130012,1,1,,,,,,
1310900,品川区,130011,1,1,,,,,,
1311000,目黒区,130011,0,0,,,,,,
1311100,大田区,130011,1,1,,,,,,
1311200,世田谷区,130011,0,0,,,,,,
1311300,渋谷区,130011,0,0,,,,,,
1311400,中野区,130011,0,0,,,,,,
1311500,杉並区,130011,0,0,,,,,,
1311600,豊島区,130011,0,0,,,,,,
1311700,北区,130011,1,0,,,,,,
1311800,荒川区,130012,1,0,,,,,,
1311900,板橋区,130011,1,0,,,,,,
1312000,練馬区,130011,0,0,,,,,,
1312100,足立区,130012,1,0,,,,,,
1312200,葛飾区,130012,1,0,,,,,,
1312300,江戸川区,130012,1,1,,,,,,
1320100,八王子市,130015,0,0,,,,,,
1320200,立川市,130013,0,0,,,,,,
1320300,武蔵野市,130013,0,0,,,,,,
1320400,三鷹市,130013,0,0,,,,,,
1320500,青梅市,130014,0,0,,,,,,
1320600,府中市,130013,0,0,,,,,,
1320700,昭島市,130013,0,0,,,,,,
1320800,調布市,130013,0,0,,,,,,
1320900,町田市,130015,0,0,,,,,,
1321000,小金井市,130013,0,0,,,,,,
1321100,小平市,130013,0,0,,,,,,
1321200,日野市,130015,0,0,,,,,,
1321300,東村山市,130013,0,0,,,,,,
1321400,国分寺市,130013,0,0,,,,,,
1321500,国立市,130013,0,0,,,,,,
1321800,福生市,130014,0,0,,,,,,
1321900,狛江市,130013,0,0,,,,,,
1322000,東大和市,130013,0,0,,,,,,
1322100,清瀬市,130013,0,0,,,,,,
1322200,東久留米市,130013,0,0,,,,,,
1322300,武蔵村山市,130013,0,0,,,,,,
1322400,多摩市,130015,0,0,,,,,,
1322500,稲城市,130015,0,0,,,,,,
1322700,羽村市,130014,0,0,,,,,,
1322800,あきる野市,130014,0,0,,,,,,
1322900,西東京市,130013,0,0,,,,,,
1330300,瑞穂町,130014,0,0,,,,,,
1330500,日の出町,130014,0,0,,,,,,
1330700,檜原村,130014,0,0,,,,,,
1330800,奥多摩町,130014,0,0,,,,,,
1336100,大島町,130021,1,1,,,,,,
1336200,利島村,130022,1,1,,,,,,
1336300,新島村,130022,1,1,,,,,,
1336400,神津島村,130022,1,1,,,,,,
1338100,三宅村,130032,1,1,,,,,,
1338200,御蔵島村,130032,1,1,,,,,,
1340100,八丈町,130031,1,1,,,,,,
1340200,青ヶ島村,130031,1,1,,,,,,
1342100,小笠原村,130040,1,1,,,,,,
1410000,横浜市,140011,1,1,,,,,,
1413000,川崎市,140011,1,1,,,,,,
1415000,相模原市,140021,0,0,,,,,,
1420100,横須賀市,140013,1,1,,,,,,
1420300,平塚市,140012,1,1,,,,,,
1420400,鎌倉市,140013,1,1,,,,,,
1420500,藤沢市,140012,1,1,,,,,,
1420600,小田原市,140024,1,1,,,,,,
1420700,茅ヶ崎市,140012,1,1,,,,,,
1420800,逗子市,140013,1,1,,,,,,
1421000,三浦市,140013,1,1,,,,,,
1421100,秦野市,140022,0,0,,,,,,
1421200,厚木市,140022,0,0,,,,,,
1421300,大和市,140012,0,0,,,,,,
1421400,伊勢原市,140022,0,0,,,,,,
1421500,海老名市,140012,0,0,,,,,,
1421600,座間市,140012,0,0,,,,,,
1421700,南足柄市,140023,0,0,,,,,,
1421800,綾瀬市,140012,0,0,,,,,,
1430100,葉山町,140013,1,1,,,,,,
1432100,寒川町,140012,0,0,,,,,,
1434100,大磯町,140012,1,1,,,,,,
1434200,二宮町,140012,1,1,,,,,,
1436100,中井町,140023,0,0,,,,,,
1436200,大井町,140023,0,0,,,,,,
1436300,松田町,140023,0,0,,,,,,
1436400,山北町,140023,0,0,,,,,,
1436600,開成町,140023,0,0,,,,,,
1438200,箱根町,140024,0,0,,,,,,
1438300,真鶴町,140024,1,1,,,,,,
1438400,湯河原町,140024,1,1,,,,,,
1440100,愛川町,140022,0,0,,,,,,
1440200,清川村,140022,0,0,,,,,,
1510000,新潟市,150011,1,1,,,,,,
1520200,長岡市,150021,1,1,,,,,,
1520400,三条市,150022,0,0,,,,,,
1520500,柏崎市,150024,1,1,,,,,,
1520600,新発田市,150013,1,1,,,,,,
1520800,小千谷市,150021,0,0,,,,,,
1520900,加茂市,150022,0,0,,,,,,
1521000,十日町市,150026,0,0,,,,,,
1521100,見附市,150021,0,0,,,,,,
1521200,村上市,150012,1,1,,,,,,
1521300,燕市,150011,0,0,,,,,,
1521600,糸魚川市,150032,1,1,,,,,,
1521700,妙高市,150033,0,0,,,,,,
1521800,五泉市,150014,0,0,,,,,,
1522200,上越市,150031,1,1,,,,,,
1522300,阿賀野市,150011,0,0,,,,,,
1522400,佐渡市,150040,1,1,,,,,,
1522500,魚沼市,150023,0,0,,,,,,
1522600,南魚沼市,150025,0,0,,,,,,
1522700,胎内市,150013,1,1,,,,,,
1530700,聖籠町,150013,1,1,,,,,,
1534200,弥彦村,150011,0,0,,,,,,
1536100,田上町,150022,0,0,,,,,,
1538500,阿賀町,150014,0,0,,,,,,
1540500,出雲崎町,150021,1,1,,,,,,
1546100,湯沢町,150025,0,0,,,,,,
1548200,津南町,150026,0,0,,,,,,
1550400,刈羽村,150024,0,0,,,,,,
1558100,関川村,150012,0,0,,,,,,
1558600,粟島浦村,150012,1,1,,,,,,
1620100,富山市,160011,1,1,,,,,,
1620200,高岡市,160021,1,1,,,,,,
1620400,魚津市,160012,1,1,,,,,,
1620500,氷見市,160021,1,1,,,,,,
1620600,滑川市,160012,1,1,,,,,,
1620700,黒部市,160012,1,1,,,,,,
1620800,砺波市,160022,0,0,,,,,,
1620900,小矢部市,160021,0,0,,,,,,
1621000,南砺市,160022,0,0,,,,,,
1621100,射水市,160021,1,1,,,,,,
1632100,舟橋村,160011,0,0,,,,,,
1632200,上市町,160011,0,0,,,,,,
1632300,立山町,160011,0,0,,,,,,
1634200,入善町,160012,1,1,,,,,,
1634300,朝日町,160012,1,1,,,,,,
1720100,金沢市,170011,1,1,,,,,,
1720200,七尾市,170022,1,1,,,,,,
1720300,小松市,170012,1,1,,,,,,
1720400,輪島市,170021,1,1,,,,,,
1720500,珠洲市,170021,1,1,,,,,,
1720600,加賀市,170012,1,1,,,,,,
1720700,羽咋市,170022,1,1,,,,,,
1720900,かほく市,170011,1,1,,,,,,
1721000,白山市,170012,1,1,,,,,,
1721100,能美市,170012,1,1,,,,,,
1732400,川北町,170012,0,0,,,,,,
1734400,野々市町,170012,0,0,,,,,,
1736100,津幡町,170011,0,0,,,,,,
1736500,内灘町,170011,1,1,,,,,,
1738400,志賀町,170022,1,1,,,,,,
1738600,宝達志水町,170022,1,1,,,,,,
1740700,中能登町,170022,0,0,,,,,,
1746100,穴水町,170021,1,1,,,,,,
1746300,能登町,170021,1,1,,,,,,
1820100,福井市,180011,1,1,,,,,,
1820200,敦賀市,180021,1,1,,,,,,
1820400,小浜市,180022,1,1,,,,,,
1820500,大野市,180013,0,0,,,,,,
1820600,勝山市,180013,0,0,,,,,,
1820700,鯖江市,180012,0,0,,,,,,
1820800,あわら市,180011,1,1,,,,,,
1820900,越前市,180012,0,0,,,,,,
1821000,坂井市,180011,1,1,,,,,,
1832200,永平寺町,180011,0,0,,,,,,
1838200,池田町,180012,0,0,,,,,,
1840400,南越前町,180012,1,1,,,,,,
1842300,越前町,180011,1,1,,,,,,
1844200,美浜町,180021,1,1,,,,,,
1848100,高浜町,180022,1,1,,,,,,
1848300,おおい町,180022,1,1,,,,,,
1850100,若狭町,180021,1,1,,,,,,
1920100,甲府市,190011,0,0,,,,,,
1920200,富士吉田市,190022,0,0,,,,,,
1920400,都留市,190021,0,0,,,,,,
1920500,山梨市,190012,0,0,,,,,,
1920600,大月市,190021,0,0,,,,,,
1920700,韮崎市,190011,0,0,,,,,,
1920800,南アルプス市,190011,0,0,,,,,,
1920900,北杜市,190011,0,0,,,,,,
1921000,甲斐市,190011,0,0,,,,,,
1921100,笛吹市,190012,0,0,,,,,,
1921200,上野原市,190021,0,0,,,,,,
1921300,甲州市,190012,0,0,,,,,,
1921400,中央市,190011,0,0,,,,,,
1934600,市川三郷町,190013,0,0,,,,,,
1936400,早川町,190013,0,0,,,,,,
1936500,身延町,190013,0,0,,,,,,
1936600,南部町,190013,0,0,,,,,,
1936800,富士川町,190013,0,0,,,,,,
1938400,昭和町,190011,0,0,,,,,,
1942200,道志村,190021,0,0,,,,,,
1942300,西桂町,190022,0,0,,,,,,
1942400,忍野村,190022,0,0,,,,,,
1942500,山中湖村,190022,0,0,,,,,,
1942900,鳴沢村,190022,0,0,,,,,,
1943000,富士河口湖町,190022,0,0,,,,,,
1944200,小菅村,190021,0,0,,,,,,
1944300,丹波山村,190021,0,0,,,,,,
2020100,長野市,200011,0,0,,,,,,
2020201,松本,200023,0,0,,,,,,
2020202,乗鞍上高地,200024,0,0,,,,,,
2020300,上田市,200021,0,0,,,,,,
2020400,岡谷市,200025,0,0,,,,,,
2020500,飯田市,200033,0,0,,,,,,
2020600,諏訪市,200025,0,0,,,,,,
2020700,須坂市,200011,0,0,,,,,,
2020800,小諸市,200022,0,0,,,,,,
2020900,伊那市,200031,0,0,,,,,,
2021000,駒ヶ根市,200031,0,0,,,,,,
2021100,中野市,200012,0,0,,,,,,
2021200,大町市,200013,0,0,,,,,,
2021300,飯山市,200012,0,0,,,,,,
2021400,茅野市,200025,0,0,,,,,,
2021501,塩尻,200023,0,0,,,,,,
2021502,楢川,200032,0,0,,,,,,
2021700,佐久市,200022,0,0,,,,,,
2021800,千曲市,200011,0,0,,,,,,
2021900,東御市,200021,0,0,,,,,,
2022000,安曇野市,200023,0,0,,,,,,
2030300,小海町,200022,0,0,,,,,,
2030400,川上村,200022,0,0,,,,,,
2030500,南牧村,200022,0,0,,,,,,
2030600,南相木村,200022,0,0,,,,,,
2030700,北相木村,200022,0,0,,,,,,
2030900,佐久穂町,200022,0,0,,,,,,
2032100,軽井沢町,200022,0,0,,,,,,
2032300,御代田町,200022,0,0,,,,,,
2032400,立科町,200022,0,0,,,,,,
2034900,青木村,200021,0,0,,,,,,
2035000,長和町,200021,0,0,,,,,,
2036100,下諏訪町,200025,0,0,,,,,,
2036200,富士見町,200025,0,0,,,,,,
2036300,原村,200025,0,0,,,,,,
2038200,辰野町,200031,0,0,,,,,,
2038300,箕輪町,200031,0,0,,,,,,
2038400,飯島町,200031,0,0,,,,,,
2038500,南箕輪村,200031,0,0,,,,,,
2038600,中川村,200031,0,0,,,,,,
2038800,宮田村,200031,0,0,,,,,,
2040200,松川町,200033,0,0,,,,,,
2040300,高森町,200033,0,0,,,,,,
2040400,阿南町,200033,0,0,,,,,,
2040700,阿智村,200033,0,0,,,,,,
2040900,平谷村,200033,0,0,,,,,,
2041000,根羽村,200033,0,0,,,,,,
2041100,下條村,200033,0,0,,,,,,
2041200,売木村,200033,0,0,,,,,,
2041300,天龍村,200033,0,0,,,,,,
2041400,泰阜村,200033,0,0,,,,,,
2041500,喬木村,200033,0,0,,,,,,
2041600,豊丘村,200033,0,0,,,,,,
2041700,大鹿村,200033,0,0,,,,,,
2042200,上松町,200032,0,0,,,,,,
2042300,南木曽町,200032,0,0,,,,,,
2042500,木祖村,200032,0,0,,,,,,
2042900,王滝村,200032,0,0,,,,,,
2043000,大桑村,200032,0,0,,,,,,
2043200,木曽町,200032,0,0,,,,,,
2044600,麻績村,200023,0,0,,,,,,
2044800,生坂村,200023,0,0,,,,,,
2045000,山形村,200023,0,0,,,,,,
2045100,朝日村,200023,0,0,,,,,,
2045200,筑北村,200023,0,0,,,,,,
2048100,池田町,200013,0,0,,,,,,
2048200,松川村,200013,0,0,,,,,,
2048500,白馬村,200013,0,0,,,,,,
2048600,小谷村,200013,0,0,,,,,,
2052100,坂城町,200011,0,0,,,,,,
2054100,小布施町,200011,0,0,,,,,,
2054300,高山村,200011,0,0,,,,,,
2056100,山ノ内町,200012,0,0,,,,,,
2056200,木島平村,200012,0,0,,,,,,
2056300,野沢温泉村,200012,0,0,,,,,,
2058300,信濃町,200011,0,0,,,,,,
2058800,小川村,200011,0,0,,,,,,
2059000,飯綱町,200011,0,0,,,,,,
2060200,栄村,200012,0,0,,,,,,
2120100,岐阜市,210011,0,0,,,,,,
2120200,大垣市,210011,0,0,,,,,,
2120300,高山市,210021,0,0,,,,,,
2120400,多治見市,210012,0,0,,,,,,
2120500,関市,210013,0,0,,,,,,
2120600,中津川市,210012,0,0,,,,,,
2120700,美濃市,210013,0,0,,,,,,
2120800,瑞浪市,210012,0,0,,,,,,
2120900,羽島市,210011,0,0,,,,,,
2121000,恵那市,210012,0,0,,,,,,
2121100,美濃加茂市,210013,0,0,,,,,,
2121200,土岐市,210012,0,0,,,,,,
2121300,各務原市,210011,0,0,,,,,,
2121400,可児市,210013,0,0,,,,,,
2121500,山県市,210011,0,0,,,,,,
2121600,瑞穂市,210011,0,0,,,,,,
2121700,飛騨市,210021,0,0,,,,,,
2121800,本巣市,210011,0,0,,,,,,
2121900,郡上市,210013,0,0,,,,,,
2122000,下呂市,210022,0,0,,,,,,
2122100,海津市,210011,0,0,,,,,,
2130200,岐南町,210011,0,0,,,,,,
2130300,笠松町,210011,0,0,,,,,,
2134100,養老町,210011,0,0,,,,,,
2136100,垂井町,210011,0,0,,,,,,
2136200,関ヶ原町,210011,0,0,,,,,,
2138100,神戸町,210011,0,0,,,,,,
2138200,輪之内町,210011,0,0,,,,,,
2138300,安八町,210011,0,0,,,,,,
2140100,揖斐川町,210011,0,0,,,,,,
2140300,大野町,210011,0,0,,,,,,
2140400,池田町,210011,0,0,,,,,,
2142100,北方町,210011,0,0,,,,,,
2150100,坂祝町,210013,0,0,,,,,,
2150200,富加町,210013,0,0,,,,,,
2150300,川辺町,210013,0,0,,,,,,
2150400,七宗町,210013,0,0,,,,,,
2150500,八百津町,210013,0,0,,,,,,
2150600,白川町,210013,0,0,,,,,,
2150700,東白川村,210013,0,0,,,,,,
2152100,御嵩町,210013,0,0,,,,,,
2160400,白川村,210021,0,0,,,,,,
2210001,静岡市南部,220011,1,1,,,,,,
2210002,静岡市北部,220012,0,0,,,,,,
2213001,浜松市南部,220042,1,1,,,,,,
2213002,浜松市北部,220041,0,0,,,,,,
2220300,沼津市,220031,1,1,,,,,,
2220500,熱海市,220021,1,1,,,,,,
2220600,三島市,220031,0,0,,,,,,
2220700,富士宮市,220032,0,0,,,,,,
2220800,伊東市,220021,1,1,,,,,,
2220900,島田市,220011,0,0,,,,,,
2221000,富士市,220032,1,1,,,,,,
2221100,磐田市,220042,1,1,,,,,,
2221200,焼津市,220011,1,1,,,,,,
2221300,掛川市,220042,1,1,,,,,,
2221400,藤枝市,220011,0,0,,,,,,
2221500,御殿場市,220031,0,0,,,,,,
2221600,袋井市,220042,1,1,,,,,,
2221900,下田市,220022,1,1,,,,,,
2222000,裾野市,220031,0,0,,,,,,
2222100,湖西市,220042,1,1,,,,,,
2222200,伊豆市,220021,1,1,,,,,,
2222300,御前崎市,220042,1,1,,,,,,
2222400,菊川市,220042,0,0,,,,,,
2222500,伊豆の国市,220021,0,0,,,,,,
2222600,牧之原市,220011,1,1,,,,,,
2230100,東伊豆町,220022,1,1,,,,,,
2230200,河津町,220022,1,1,,,,,,
2230400,南伊豆町,220022,1,1,,,,,,
2230500,松崎町,220022,1,1,,,,,,
2230600,西伊豆町,220022,1,1,,,,,,
2232500,函南町,220021,0,0,,,,,,
2234100,清水町,220031,0,0,,,,,,
2234200,長泉町,220031,0,0,,,,,,
2234400,小山町,220031,0,0,,,,,,
2242400,吉田町,220011,1,1,,,,,,
2242900,川根本町,220012,0,0,,,,,,
2246100,森町,220042,0,0,,,,,,
2310000,名古屋市,230011,1,1,,,,,,
2320100,豊橋市,230023,1,1,,,,,,
2320200,岡崎市,230014,0,0,,,,,,
2320300,一宮市,230012,0,0,,,,,,
2320400,瀬戸市,230011,0,0,,,,,,
2320500,半田市,230013,1,1,,,,,,
2320600,春日井市,230011,0,0,,,,,,
2320700,豊川市,230023,1,1,,,,,,
2320800,津島市,230012,0,0,,,,,,
2320900,碧南市,230014,1,1,,,,,,
2321000,刈谷市,230014,1,1,,,,,,
2321101,豊田市西部,230015,0,0,,,,,,
2321102,豊田市東部,230021,0,0,,,,,,
2321200,安城市,230014,0,0,,,,,,
2321300,西尾市,230014,1,1,,,,,,
2321400,蒲郡市,230023,1,1,,,,,,
2321500,犬山市,230011,0,0,,,,,,
2321600,常滑市,230013,1,1,,,,,,
2321700,江南市,230012,0,0,,,,,,
2321900,小牧市,230011,0,0,,,,,,
2322000,稲沢市,230012,0,0,,,,,,
2322100,新城市,230022,0,0,,,,,,
2322200,東海市,230013,1,1,,,,,,
2322300,大府市,230013,0,0,,,,,,
2322400,知多市,230013,1,1,,,,,,
2322500,知立市,230014,0,0,,,,,,
2322600,尾張旭市,230011,0,0,,,,,,
2322700,高浜市,230014,1,1,,,,,,
2322800,岩倉市,230012,0,0,,,,,,
2322900,豊明市,230011,0,0,,,,,,
2323000,日進市,230011,0,0,,,,,,
2323100,田原市,230023,1,1,,,,,,
2323200,愛西市,230012,0,0,,,,,,
2323300,清須市,230012,0,0,,,,,,
2323400,北名古屋市,230012,0,0,,,,,,
2323500,弥富市,230012,1,1,,,,,,
2323600,みよし市,230015,0,0,,,,,,
2323700,あま市,230012,0,0,,,,,,
2330200,東郷町,230011,0,0,,,,,,
2330400,長久手町,230011,0,0,,,,,,
2334200,豊山町,230012,0,0,,,,,,
2336100,大口町,230012,0,0,,,,,,
2336200,扶桑町,230012,0,0,,,,,,
2342400,大治町,230012,0,0,,,,,,
2342500,蟹江町,230012,0,0,,,,,,
2342700,飛島村,230012,1,1,,,,,,
2344100,阿久比町,230013,0,0,,,,,,
2344200,東浦町,230013,1,1,,,,,,
2344500,南知多町,230013,1,1,,,,,,
2344600,美浜町,230013,1,1,,,,,,
2344700,武豊町,230013,1,1,,,,,,
2348100,一色町,230014,1,1,,,,,,
2348200,吉良町,230014,1,1,,,,,,
2348300,幡豆町,230014,1,1,,,,,,
2350100,幸田町,230014,0,0,,,,,,
2356100,設楽町,230022,0,0,,,,,,
2356200,東栄町,230022,0,0,,,,,,
2356300,豊根村,230022,0,0,,,,,,
2420100,津市,240011,1,1,,,,,,
2420200,四日市市,240012,1,1,,,,,,
2420300,伊勢市,240021,1,1,,,,,,
2420400,松阪市,240011,1,1,,,,,,
2420500,桑名市,240012,1,1,,,,,,
2420700,鈴鹿市,240012,1,1,,,,,,
2420800,名張市,240013,0,0,,,,,,
2420900,尾鷲市,240022,1,1,,,,,,
2421000,亀山市,240012,0,0,,,,,,
2421100,鳥羽市,240021,1,1,,,,,,
2421200,熊野市,240022,1,1,,,,,,
2421400,いなべ市,240012,0,0,,,,,,
2421500,志摩市,240021,1,1,,,,,,
2421600,伊賀市,240013,0,0,,,,,,
2430300,木曽岬町,240012,1,1,,,,,,
2432400,東員町,240012,0,0,,,,,,
2434100,菰野町,240012,0,0,,,,,,
2434300,朝日町,240012,0,0,,,,,,
2434400,川越町,240012,1,1,,,,,,
2444100,多気町,240011,0,0,,,,,,
2444200,明和町,240011,1,1,,,,,,
2444300,大台町,240022,0,0,,,,,,
2446100,玉城町,240021,0,0,,,,,,
2447000,度会町,240021,0,0,,,,,,
2447100,大紀町,240022,1,1,,,,,,
2447200,南伊勢町,240021,1,1,,,,,,
2454300,紀北町,240022,1,1,,,,,,
2456100,御浜町,240022,1,1,,,,,,
2456200,紀宝町,240022,1,1,,,,,,
2520101,大津市南部,250011,0,0,,,,,,
2520102,大津市北部,250021,0,0,,,,,,
2520200,彦根市,250023,0,0,,,,,,
2520300,長浜市,250022,0,0,,,,,,
2520400,近江八幡市,250012,0,0,,,,,,
2520600,草津市,250011,0,0,,,,,,
2520700,守山市,250011,0,0,,,,,,
2520800,栗東市,250011,0,0,,,,,,
2520900,甲賀市,250013,0,0,,,,,,
2521000,野洲市,250011,0,0,,,,,,
2521100,湖南市,250013,0,0,,,,,,
2521200,高島市,250021,0,0,,,,,,
2521300,東近江市,250012,0,0,,,,,,
2521400,米原市,250022,0,0,,,,,,
2538300,日野町,250012,0,0,,,,,,
2538400,竜王町,250012,0,0,,,,,,
2542500,愛荘町,250023,0,0,,,,,,
2544100,豊郷町,250023,0,0,,,,,,
2544200,甲良町,250023,0,0,,,,,,
2544300,多賀町,250023,0,0,,,,,,
2610000,京都市,260011,0,0,,,,,,
2620100,福知山市,260023,0,0,,,,,,
2620200,舞鶴市,260022,1,1,,,,,,
2620300,綾部市,260022,0,0,,,,,,
2620400,宇治市,260013,0,0,,,,,,
2620500,宮津市,260021,1,1,,,,,,
2620600,亀岡市,260011,0,0,,,,,,
2620700,城陽市,260013,0,0,,,,,,
2620800,向日市,260011,0,0,,,,,,
2620900,長岡京市,260011,0,0,,,,,,
2621000,八幡市,260013,0,0,,,,,,
2621100,京田辺市,260013,0,0,,,,,,
2621200,京丹後市,260021,1,1,,,,,,
2621300,南丹市,260012,0,0,,,,,,
2621400,木津川市,260014,0,0,,,,,,
2630300,大山崎町,260011,0,0,,,,,,
2632200,久御山町,260013,0,0,,,,,,
2634300,井手町,260013,0,0,,,,,,
2634400,宇治田原町,260013,0,0,,,,,,
2636400,笠置町,260014,0,0,,,,,,
2636500,和束町,260014,0,0,,,,,,
2636600,精華町,260014,0,0,,,,,,
2636700,南山城村,260014,0,0,,,,,,
2640700,京丹波町,260012,0,0,,,,,,
2646300,伊根町,260021,1,1,,,,,,
2646500,与謝野町,260021,1,0,,,,,,
2710000,大阪市,270001,1,1,,,,,,
2714000,堺市,270005,1,1,,,,,,
2720200,岸和田市,270005,1,1,,,,,,
2720300,豊中市,270002,0,0,,,,,,
2720400,池田市,270002,0,0,,,,,,
2720500,吹田市,270002,0,0,,,,,,
2720600,泉大津市,270005,1,1,,,,,,
2720700,高槻市,270002,0,0,,,,,,
2720800,貝塚市,270005,1,1,,,,,,
2720900,守口市,270003,0,0,,,,,,
2721000,枚方市,270003,0,0,,,,,,
2721100,茨木市,270002,0,0,,,,,,
2721200,八尾市,270003,0,0,,,,,,
2721300,泉佐野市,270005,1,1,,,,,,
2721400,富田林市,270004,0,0,,,,,,
2721500,寝屋川市,270003,0,0,,,,,,
2721600,河内長野市,270004,0,0,,,,,,
2721700,松原市,270004,0,0,,,,,,
2721800,大東市,270003,0,0,,,,,,
2721900,和泉市,270005,0,0,,,,,,
2722000,箕面市,270002,0,0,,,,,,
2722100,柏原市,270003,0,0,,,,,,
2722200,羽曳野市,270004,0,0,,,,,,
2722300,門真市,270003,0,0,,,,,,
2722400,摂津市,270002,0,0,,,,,,
2722500,高石市,270005,1,1,,,,,,
2722600,藤井寺市,270004,0,0,,,,,,
2722700,東大阪市,270003,0,0,,,,,,
2722800,泉南市,270005,1,1,,,,,,
2722900,四條畷市,270003,0,0,,,,,,
2723000,交野市,270003,0,0,,,,,,
2723100,大阪狭山市,270004,0,0,,,,,,
2723200,阪南市,270005,1,1,,,,,,
2730100,島本町,270002,0,0,,,,,,
2732100,豊能町,270002,0,0,,,,,,
2732200,能勢町,270002,0,0,,,,,,
2734100,忠岡町,270005,1,1,,,,,,
2736100,熊取町,270005,0,0,,,,,,
2736200,田尻町,270005,1,1,,,,,,
2736600,岬町,270005,1,1,,,,,,
2738100,太子町,270004,0,0,,,,,,
2738200,河南町,270004,0,0,,,,,,
2738300,千早赤阪村,270004,0,0,,,,,,
2810000,神戸市,280011,1,1,,,,,,
2820100,姫路市,280015,1,1,,,,,,
2820200,尼崎市,280011,1,1,,,,,,
2820300,明石市,280014,1,1,,,,,,
2820400,西宮市,280011,1,1,,,,,,
2820500,洲本市,280016,1,1,,,,,,
2820600,芦屋市,280011,1,1,,,,,,
2820700,伊丹市,280011,0,0,,,,,,
2820800,相生市,280015,1,1,,,,,,
2820900,豊岡市,280021,1,1,,,,,,
2821000,加古川市,280014,1,1,,,,,,
2821200,赤穂市,280015,1,1,,,,,,
2821300,西脇市,280012,0,0,,,,,,
2821400,宝塚市,280011,0,0,,,,,,
2821500,三木市,280014,0,0,,,,,,
2821600,高砂市,280014,1,1,,,,,,
2821700,川西市,280011,0,0,,,,,,
2821800,小野市,280014,0,0,,,,,,
2821900,三田市,280011,0,0,,,,,,
2822000,加西市,280014,0,0,,,,,,
2822100,篠山市,280012,0,0,,,,,,
2822200,養父市,280022,0,0,,,,,,
2822300,丹波市,280012,0,0,,,,,,
2822400,南あわじ市,280016,1,1,,,,,,
2822500,朝来市,280022,0,0,,,,,,
2822600,淡路市,280016,1,1,,,,,,
2822700,宍粟市,280013,0,0,,,,,,
2822800,加東市,280014,0,0,,,,,,
2822900,たつの市,280015,1,1,,,,,,
2830100,猪名川町,280011,0,0,,,,,,
2836500,多可町,280012,0,0,,,,,,
2838100,稲美町,280014,0,0,,,,,,
2838200,播磨町,280014,1,1,,,,,,
2844200,市川町,280013,0,0,,,,,,
2844300,福崎町,280013,0,0,,,,,,
2844600,神河町,280013,0,0,,,,,,
2846400,太子町,280015,0,0,,,,,,
2848100,上郡町,280015,0,0,,,,,,
2850100,佐用町,280013,0,0,,,,,,
2858500,香美町,280021,1,1,,,,,,
2858600,新温泉町,280021,1,1,,,,,,
2920100,奈良市,290011,0,0,,,,,,
2920200,大和高田市,290011,0,0,,,,,,
2920300,大和郡山市,290011,0,0,,,,,,
2920400,天理市,290011,0,0,,,,,,
2920500,橿原市,290011,0,0,,,,,,
2920600,桜井市,290011,0,0,,,,,,
2920701,五條市北部,290013,0,0,,,,,,
2920702,五條市南部,290022,0,0,,,,,,
2920800,御所市,290011,0,0,,,,,,
2920900,生駒市,290011,0,0,,,,,,
2921000,香芝市,290011,0,0,,,,,,
2921100,葛城市,290011,0,0,,,,,,
2921200,宇陀市,290012,0,0,,,,,,
2932200,山添村,290012,0,0,,,,,,
2934200,平群町,290011,0,0,,,,,,
2934300,三郷町,290011,0,0,,,,,,
2934400,斑鳩町,290011,0,0,,,,,,
2934500,安堵町,290011,0,0,,,,,,
2936100,川西町,290011,0,0,,,,,,
2936200,三宅町,290011,0,0,,,,,,
2936300,田原本町,290011,0,0,,,,,,
2938500,曽爾村,290021,0,0,,,,,,
2938600,御杖村,290021,0,0,,,,,,
2940100,高取町,290011,0,0,,,,,,
2940200,明日香村,290011,0,0,,,,,,
2942400,上牧町,290011,0,0,,,,,,
2942500,王寺町,290011,0,0,,,,,,
2942600,広陵町,290011,0,0,,,,,,
2942700,河合町,290011,0,0,,,,,,
2944100,吉野町,290013,0,0,,,,,,
2944200,大淀町,290013,0,0,,,,,,
2944300,下市町,290013,0,0,,,,,,
2944400,黒滝村,290021,0,0,,,,,,
2944600,天川村,290021,0,0,,,,,,
2944700,野迫川村,290022,0,0,,,,,,
2944900,十津川村,290022,0,0,,,,,,
2945000,下北山村,290021,0,0,,,,,,
2945100,上北山村,290021,0,0,,,,,,
2945200,川上村,290021,0,0,,,,,,
2945300,東吉野村,290021,0,0,,,,,,
3020100,和歌山市,300011,1,1,,,,,,
3020200,海南市,300011,1,1,,,,,,
3020300,橋本市,300011,0,0,,,,,,
3020400,有田市,300012,1,1,,,,,,
3020500,御坊市,300012,1,1,,,,,,
3020600,田辺市,300021,1,1,,,,,,
3020700,新宮市,300022,1,1,,,,,,
3020800,紀の川市,300011,0,0,,,,,,
3020900,岩出市,300011,0,0,,,,,,
3030400,紀美野町,300011,0,0,,,,,,
3034100,かつらぎ町,300011,0,0,,,,,,
3034300,九度山町,300011,0,0,,,,,,
3034400,高野町,300011,0,0,,,,,,
3036100,湯浅町,300012,1,1,,,,,,
3036200,広川町,300012,1,1,,,,,,
3036600,有田川町,300012,0,0,,,,,,
3038100,美浜町,300012,1,1,,,,,,
3038200,日高町,300012,1,1,,,,,,
3038300,由良町,300012,1,1,,,,,,
3039000,印南町,300012,1,1,,,,,,
3039100,みなべ町,300012,1,1,,,,,,
3039200,日高川町,300012,0,0,,,,,,
3040100,白浜町,300021,1,1,,,,,,
3040400,上富田町,300021,0,0,,,,,,
3040600,すさみ町,300021,1,1,,,,,,
3042100,那智勝浦町,300022,1,1,,,,,,
3042200,太地町,300022,1,1,,,,,,
3042400,古座川町,300022,0,0,,,,,,
3042700,北山村,300022,0,0,,,,,,
3042800,串本町,300022,1,1,,,,,,
3120101,鳥取市北部,310011,1,1,,,,,,
3120102,鳥取市南部,310012,0,0,,,,,,
3120200,米子市,310022,1,1,,,,,,
3120300,倉吉市,310021,0,0,,,,,,
3120400,境港市,310022,1,1,,,,,,
3130200,岩美町,310011,1,1,,,,,,
3132500,若桜町,310012,0,0,,,,,,
3132800,智頭町,310012,0,0,,,,,,
3132900,八頭町,310012,0,0,,,,,,
3136400,三朝町,310021,0,0,,,,,,
3137000,湯梨浜町,310021,1,1,,,,,,
3137100,琴浦町,310021,1,1,,,,,,
3137200,北栄町,310021,1,1,,,,,,
3138400,日吉津村,310022,1,1,,,,,,
3138600,大山町,310022,1,1,,,,,,
3138900,南部町,310022,0,0,,,,,,
3139000,伯耆町,310022,0,0,,,,,,
3140100,日南町,310023,0,0,,,,,,
3140200,日野町,310023,0,0,,,,,,
3140300,江府町,310023,0,0,,,,,,
3220100,松江市,320011,1,1,,,,,,
3220200,浜田市,320022,1,1,,,,,,
3220300,出雲市,320012,1,1,,,,,,
3220400,益田市,320023,1,1,,,,,,
3220500,大田市,320021,1,1,,,,,,
3220600,安来市,320011,1,0,,,,,,
3220700,江津市,320022,1,1,,,,,,
3220900,雲南市,320013,0,0,,,,,,
3230400,東出雲町,320011,1,0,,,,,,
3234300,奥出雲町,320013,0,0,,,,,,
3238600,飯南町,320013,0,0,,,,,,
3240100,斐川町,320012,0,0,,,,,,
3244100,川本町,320021,0,0,,,,,,
3244800,美郷町,320021,0,0,,,,,,
3244900,邑南町,320021,0,0,,,,,,
3250100,津和野町,320023,0,0,,,,,,
3250500,吉賀町,320023,0,0,,,,,,
3252500,海士町,320030,1,1,,,,,,
3252600,西ノ島町,320030,1,1,,,,,,
3252700,知夫村,320030,1,1,,,,,,
3252800,隠岐の島町,320030,1,1,,,,,,
3310000,岡山市,330011,1,1,,,,,,
3320200,倉敷市,330013,1,1,,,,,,
3320300,津山市,330023,0,0,,,,,,
3320400,玉野市,330011,1,1,,,,,,
3320500,笠岡市,330014,1,1,,,,,,
3320700,井原市,330014,0,0,,,,,,
3320800,総社市,330013,0,0,,,,,,
3320900,高梁市,330015,0,0,,,,,,
3321000,新見市,330021,0,0,,,,,,
3321100,備前市,330012,1,1,,,,,,
3321200,瀬戸内市,330011,1,1,,,,,,
3321300,赤磐市,330012,0,0,,,,,,
3321400,真庭市,330022,0,0,,,,,,
3321500,美作市,330024,0,0,,,,,,
3321600,浅口市,330014,1,1,,,,,,
3334600,和気町,330012,0,0,,,,,,
3342300,早島町,330013,0,0,,,,,,
3344500,里庄町,330014,0,0,,,,,,
3346100,矢掛町,330014,0,0,,,,,,
3358600,新庄村,330022,0,0,,,,,,
3360600,鏡野町,330023,0,0,,,,,,
3362200,勝央町,330024,0,0,,,,,,
3362300,奈義町,330024,0,0,,,,,,
3364300,西粟倉村,330024,0,0,,,,,,
3366300,久米南町,330023,0,0,,,,,,
3366600,美咲町,330023,0,0,,,,,,
3368100,吉備中央町,330011,0,0,,,,,,
3410000,広島市,340011,1,1,,,,,,
3420200,呉市,340011,1,1,,,,,,
3420300,竹原市,340013,1,1,,,,,,
3420400,三原市,340012,1,1,,,,,,
3420500,尾道市,340012,1,1,,,,,,
3420700,福山市,340012,1,1,,,,,,
3420800,府中市,340012,0,0,,,,,,
3420900,三次市,340021,0,0,,,,,,
3421000,庄原市,340021,0,0,,,,,,
3421100,大竹市,340011,1,1,,,,,,
3421200,東広島市,340013,1,1,,,,,,
3421300,廿日市市,340011,1,1,,,,,,
3421400,安芸高田市,340022,0,0,,,,,,
3421500,江田島市,340011,1,1,,,,,,
3430200,府中町,340011,0,0,,,,,,
3430400,海田町,340011,1,1,,,,,,
3430700,熊野町,340011,0,0,,,,,,
3430900,坂町,340011,1,1,,,,,,
3436800,安芸太田町,340022,0,0,,,,,,
3436900,北広島町,340022,0,0,,,,,,
3443100,大崎上島町,340013,1,1,,,,,,
3446200,世羅町,340012,0,0,,,,,,
3454500,神石高原町,340012,0,0,,,,,,
3520100,下関市,350011,1,1,,,,,,
3520200,宇部市,350012,1,1,,,,,,
3520300,山口市,350021,1,1,,,,,,
3520400,萩市,350041,1,1,,,,,,
3520600,防府市,350021,1,1,,,,,,
3520700,下松市,350022,1,1,,,,,,
3520800,岩国市,350031,1,1,,,,,,
3521000,光市,350032,1,1,,,,,,
3521100,長門市,350042,1,1,,,,,,
3521200,柳井市,350032,1,1,,,,,,
3521300,美祢市,350041,0,0,,,,,,
3521500,周南市,350022,1,1,,,,,,
3521600,山陽小野田市,350012,1,1,,,,,,
3530500,周防大島町,350032,1,1,,,,,,
3532100,和木町,350031,1,1,,,,,,
3534100,上関町,350032,1,1,,,,,,
3534300,田布施町,350032,1,1,,,,,,
3534400,平生町,350032,1,1,,,,,,
3550200,阿武町,350041,1,1,,,,,,
3620100,徳島市,360011,1,1,,,,,,
3620200,鳴門市,360011,1,1,,,,,,
3620300,小松島市,360011,1,1,,,,,,
3620400,阿南市,360021,1,1,,,,,,
3620500,吉野川市,360012,0,0,,,,,,
3620600,阿波市,360012,0,0,,,,,,
3620701,美馬市脇・美馬・穴吹,360012,0,0,,,,,,
3620702,美馬市木屋平,360013,0,0,,,,,,
3620800,三好市,360014,0,0,,,,,,
3630100,勝浦町,360022,0,0,,,,,,
3630200,上勝町,360022,0,0,,,,,,
3632100,佐那河内村,360013,0,0,,,,,,
3634100,石井町,360012,0,0,,,,,,
3634200,神山町,360013,0,0,,,,,,
3636800,那賀町,360022,0,0,,,,,,
3638300,牟岐町,360023,1,1,,,,,,
3638700,美波町,360023,1,1,,,,,,
3638800,海陽町,360023,1,1,,,,,,
3640100,松茂町,360011,1,1,,,,,,
3640200,北島町,360011,1,0,,,,,,
3640300,藍住町,360011,0,0,,,,,,
3640400,板野町,360011,0,0,,,,,,
3640500,上板町,360012,0,0,,,,,,
3646801,つるぎ町半田・貞光,360012,0,0,,,,,,
3646802,つるぎ町一宇,360013,0,0,,,,,,
3648900,東みよし町,360014,0,0,,,,,,
3720100,高松市,370001,1,1,,,,,,
3720200,丸亀市,370004,1,1,,,,,,
3720300,坂出市,370004,1,1,,,,,,
3720400,善通寺市,370004,0,0,,,,,,
3720500,観音寺市,370005,1,1,,,,,,
3720600,さぬき市,370003,1,1,,,,,,
3720700,東かがわ市,370003,1,1,,,,,,
3720800,三豊市,370005,1,1,,,,,,
3732200,土庄町,370002,1,1,,,,,,
3732400,小豆島町,370002,1,1,,,,,,
3734100,三木町,370003,0,0,,,,,,
3736400,直島町,370001,1,1,,,,,,
3738600,宇多津町,370004,1,1,,,,,,
3738700,綾川町,370004,0,0,,,,,,
3740300,琴平町,370004,0,0,,,,,,
3740400,多度津町,370004,1,1,,,,,,
3740600,まんのう町,370004,0,0,,,,,,
3820100,松山市,380010,1,1,,,,,,
3820200,今治市,380022,1,1,,,,,,
3820300,宇和島市,380032,1,1,,,,,,
3820400,八幡浜市,380031,1,1,,,,,,
3820500,新居浜市,380021,1,1,,,,,,
3820600,西条市,380021,1,1,,,,,,
3820700,大洲市,380031,1,1,,,,,,
3821000,伊予市,380010,1,1,,,,,,
3821300,四国中央市,380021,1,1,,,,,,
3821400,西予市,380031,1,1,,,,,,
3821500,東温市,380010,0,0,,,,,,
3835600,上島町,380022,1,1,,,,,,
3838600,久万高原町,380010,0,0,,,,,,
3840100,松前町,380010,1,1,,,,,,
3840200,砥部町,380010,0,0,,,,,,
3842200,内子町,380031,0,0,,,,,,
3844200,伊方町,380031,1,1,,,,,,
3848400,松野町,380032,0,0,,,,,,
3848800,鬼北町,380032,0,0,,,,,,
3850600,愛南町,380032,1,1,,,,,,
3920100,高知市,390011,1,1,,,,,,
3920200,室戸市,390021,1,1,,,,,,
3920300,安芸市,390022,1,1,,,,,,
3920400,南国市,390011,1,1,,,,,,
3920500,土佐市,390011,1,1,,,,,,
3920600,須崎市,390011,1,1,,,,,,
3920800,宿毛市,390031,1,1,,,,,,
3920900,土佐清水市,390031,1,1,,,,,,
3921000,四万十市,390031,1,1,,,,,,
3921100,香南市,390011,1,1,,,,,,
3921200,香美市,390011,0,0,,,,,,
3930100,東洋町,390021,1,1,,,,,,
3930200,奈半利町,390022,1,1,,,,,,
3930300,田野町,390022,1,1,,,,,,
3930400,安田町,390022,1,1,,,,,,
3930500,北川村,390022,0,0,,,,,,
3930600,馬路村,390022,0,0,,,,,,
3930700,芸西村,390022,1,1,,,,,,
3934100,本山町,390012,0,0,,,,,,
3934400,大豊町,390012,0,0,,,,,,
3936300,土佐町,390012,0,0,,,,,,
3936400,大川村,390012,0,0,,,,,,
3938600,いの町,390011,0,0,,,,,,
3938700,仁淀川町,390013,0,0,,,,,,
3940100,中土佐町,390032,1,1,,,,,,
3940200,佐川町,390013,0,0,,,,,,
3940300,越知町,390013,0,0,,,,,,
3940500,檮原町,390032,0,0,,,,,,
3941000,日高村,390011,0,0,,,,,,
3941100,津野町,390032,0,0,,,,,,
3941200,四万十町,390032,1,1,,,,,,
3942400,大月町,390031,1,1,,,,,,
3942700,三原村,390031,0,0,,,,,,
3942800,黒潮町,390031,1,1,,,,,,
4010000,北九州市,400021,1,1,,,,,,
4013000,福岡市,400010,1,1,,,,,,
4020200,大牟田市,400042,1,1,,,,,,
4020300,久留米市,400041,1,0,,,,,,
4020400,直方市,400030,0,0,,,,,,
4020500,飯塚市,400030,0,0,,,,,,
4020600,田川市,400030,0,0,,,,,,
4020700,柳川市,400042,1,1,,,,,,
4021000,八女市,400042,0,0,,,,,,
4021100,筑後市,400042,0,0,,,,,,
4021200,大川市,400042,1,0,,,,,,
4021300,行橋市,400022,1,1,,,,,,
4021400,豊前市,400022,1,1,,,,,,
4021500,中間市,400021,0,0,,,,,,
4021600,小郡市,400041,0,0,,,,,,
4021700,筑紫野市,400010,0,0,,,,,,
4021800,春日市,400010,0,0,,,,,,
4021900,大野城市,400010,0,0,,,,,,
4022000,宗像市,400010,1,1,,,,,,
4022100,太宰府市,400010,0,0,,,,,,
4022300,古賀市,400010,1,1,,,,,,
4022400,福津市,400010,1,1,,,,,,
4022500,うきは市,400041,0,0,,,,,,
4022600,宮若市,400030,0,0,,,,,,
4022700,嘉麻市,400030,0,0,,,,,,
4022800,朝倉市,400041,0,0,,,,,,
4022900,みやま市,400042,1,1,,,,,,
4023000,糸島市,400010,1,1,,,,,,
4030500,那珂川町,400010,0,0,,,,,,
4034100,宇美町,400010,0,0,,,,,,
4034200,篠栗町,400010,0,0,,,,,,
4034300,志免町,400010,0,0,,,,,,
4034400,須恵町,400010,0,0,,,,,,
4034500,新宮町,400010,1,1,,,,,,
4034800,久山町,400010,0,0,,,,,,
4034900,粕屋町,400010,0,0,,,,,,
4038100,芦屋町,400021,1,1,,,,,,
4038200,水巻町,400021,0,0,,,,,,
4038300,岡垣町,400021,1,1,,,,,,
4038400,遠賀町,400021,0,0,,,,,,
4040100,小竹町,400030,0,0,,,,,,
4040200,鞍手町,400030,0,0,,,,,,
4042100,桂川町,400030,0,0,,,,,,
4044700,筑前町,400041,0,0,,,,,,
4044800,東峰村,400041,0,0,,,,,,
4050300,大刀洗町,400041,0,0,,,,,,
4052200,大木町,400042,0,0,,,,,,
4054400,広川町,400042,0,0,,,,,,
4060100,香春町,400030,0,0,,,,,,
4060200,添田町,400030,0,0,,,,,,
4060400,糸田町,400030,0,0,,,,,,
4060500,川崎町,400030,0,0,,,,,,
4060800,大任町,400030,0,0,,,,,,
4060900,赤村,400030,0,0,,,,,,
4061000,福智町,400030,0,0,,,,,,
4062100,苅田町,400022,1,1,,,,,,
4062500,みやこ町,400022,0,0,,,,,,
4064200,吉富町,400022,1,1,,,,,,
4064600,上毛町,400022,0,0,,,,,,
4064700,築上町,400022,1,1,,,,,,
4120100,佐賀市,410011,1,1,,,,,,
4120200,唐津市,410021,1,1,,,,,,
4120300,鳥栖市,410012,0,0,,,,,,
4120400,多久市,410011,0,0,,,,,,
4120500,伊万里市,410022,1,1,,,,,,
4120600,武雄市,410013,0,0,,,,,,
4120700,鹿島市,410014,1,1,,,,,,
4120800,小城市,410011,1,1,,,,,,
4120900,嬉野市,410014,0,0,,,,,,
4121000,神埼市,410012,1,0,,,,,,
4132700,吉野ヶ里町,410012,0,0,,,,,,
4134100,基山町,410012,0,0,,,,,,
4134500,上峰町,410012,0,0,,,,,,
4134600,みやき町,410012,0,0,,,,,,
4138700,玄海町,410021,1,1,,,,,,
4140100,有田町,410022,0,0,,,,,,
4142300,大町町,410013,0,0,,,,,,
4142400,江北町,410013,0,0,,,,,,
4142500,白石町,410013,1,1,,,,,,
4144100,太良町,410014,1,1,,,,,,
4220100,長崎市,420012,1,1,,,,,,
4220201,佐世保市（宇久地域を除く）,420022,1,1,,,,,,
4220202,佐世保市（宇久地域）,420041,1,1,,,,,,
4220300,島原市,420011,1,1,,,,,,
4220400,諫早市,420013,1,1,,,,,,
4220500,大村市,420013,1,1,,,,,,
4220700,平戸市,420021,1,1,,,,,,
4220800,松浦市,420021,1,1,,,,,,
4220901,下対馬,420033,1,1,,,,,,
4220902,上対馬,420032,1,1,,,,,,
4221000,壱岐市,420031,1,1,,,,,,
4221100,五島市,420042,1,1,,,,,,
4221201,西海市（江島・平島を除く）,420014,1,1,,,,,,
4221202,西海市（江島・平島）,420041,1,1,,,,,,
4221300,雲仙市,420011,1,1,,,,,,
4221400,南島原市,420011,1,1,,,,,,
4230700,長与町,420012,1,1,,,,,,
4230800,時津町,420012,1,1,,,,,,
4232100,東彼杵町,420022,1,1,,,,,,
4232200,川棚町,420022,1,1,,,,,,
4232300,波佐見町,420022,0,0,,,,,,
4238300,小値賀町,420041,1,1,,,,,,
4239100,佐々町,420022,1,1,,,,,,
4241100,新上五島町,420041,1,1,,,,,,
4320100,熊本市,430011,1,1,,,,,,
4320200,八代市,430015,1,1,,,,,,
4320300,人吉市,430040,0,0,,,,,,
4320400,荒尾市,430013,1,1,,,,,,
4320500,水俣市,430032,1,1,,,,,,
4320600,玉名市,430013,1,1,,,,,,
4320800,山鹿市,430012,0,0,,,,,,
4321000,菊池市,430012,0,0,,,,,,
4321100,宇土市,430015,1,1,,,,,,
4321200,上天草市,430031,1,1,,,,,,
4321300,宇城市,430015,1,1,,,,,,
4321400,阿蘇市,430020,0,0,,,,,,
4321500,天草市,430031,1,1,,,,,,
4321600,合志市,430012,0,0,,,,,,
4334800,美里町,430015,0,0,,,,,,
4336400,玉東町,430013,0,0,,,,,,
4336700,南関町,430013,0,0,,,,,,
4336800,長洲町,430013,1,1,,,,,,
4336900,和水町,430013,0,0,,,,,,
4340300,大津町,430012,0,0,,,,,,
4340400,菊陽町,430012,0,0,,,,,,
4342300,南小国町,430020,0,0,,,,,,
4342400,小国町,430020,0,0,,,,,,
4342500,産山村,430020,0,0,,,,,,
4342800,高森町,430020,0,0,,,,,,
4343200,西原村,430014,0,0,,,,,,
4343300,南阿蘇村,430020,0,0,,,,,,
4344100,御船町,430014,0,0,,,,,,
4344200,嘉島町,430014,0,0,,,,,,
4344300,益城町,430014,0,0,,,,,,
4344400,甲佐町,430014,0,0,,,,,,
4344700,山都町,430014,0,0,,,,,,
4346800,氷川町,430015,1,1,,,,,,
4348200,芦北町,430032,1,1,,,,,,
4348400,津奈木町,430032,1,1,,,,,,
4350100,錦町,430040,0,0,,,,,,
4350500,多良木町,430040,0,0,,,,,,
4350600,湯前町,430040,0,0,,,,,,
4350700,水上村,430040,0,0,,,,,,
4351000,相良村,430040,0,0,,,,,,
4351100,五木村,430040,0,0,,,,,,
4351200,山江村,430040,0,0,,,,,,
4351300,球磨村,430040,0,0,,,,,,
4351400,あさぎり町,430040,0,0,,,,,,
4353100,苓北町,430031,1,1,,,,,,
4420100,大分市,440010,1,1,,,,,,
4420200,別府市,440010,1,1,,,,,,
4420300,中津市,440020,1,1,,,,,,
4420400,日田市,440031,0,0,,,,,,
4420500,佐伯市,440041,1,1,,,,,,
4420600,臼杵市,440010,1,1,,,,,,
4420700,津久見市,440010,1,1,,,,,,
4420800,竹田市,440032,0,0,,,,,,
4420900,豊後高田市,440020,1,1,,,,,,
4421000,杵築市,440010,1,1,,,,,,
4421100,宇佐市,440020,1,1,,,,,,
4421200,豊後大野市,440042,0,0,,,,,,
4421300,由布市,440010,0,0,,,,,,
4421400,国東市,440020,1,1,,,,,,
4432200,姫島村,440020,1,1,,,,,,
4434100,日出町,440010,1,1,,,,,,
4446100,九重町,440031,0,0,,,,,,
4446200,玖珠町,440031,0,0,,,,,,
4520100,宮崎市,450011,1,1,,,,,,
4520200,都城市,450032,0,0,,,,,,
4520300,延岡市,450021,1,1,,,,,,
4520400,日南市,450012,1,1,,,,,,
4520500,小林市,450031,0,0,,,,,,
4520600,日向市,450021,1,1,,,,,,
4520700,串間市,450012,1,1,,,,,,
4520800,西都市,450022,0,0,,,,,,
4520900,えびの市,450031,0,0,,,,,,
4534100,三股町,450032,0,0,,,,,,
4536100,高原町,450031,0,0,,,,,,
4538200,国富町,450011,0,0,,,,,,
4538300,綾町,450011,0,0,,,,,,
4540100,高鍋町,450022,1,1,,,,,,
4540200,新富町,450022,1,1,,,,,,
4540300,西米良村,450042,0,0,,,,,,
4540400,木城町,450022,0,0,,,,,,
4540500,川南町,450022,1,1,,,,,,
4540600,都農町,450022,1,1,,,,,,
4542100,門川町,450021,1,1,,,,,,
4542900,諸塚村,450042,0,0,,,,,,
4543000,椎葉村,450042,0,0,,,,,,
4543100,美郷町,450042,0,0,,,,,,
4544100,高千穂町,450041,0,0,,,,,,
4544200,日之影町,450041,0,0,,,,,,
4544300,五ヶ瀬町,450041,0,0,,,,,,
4620100,鹿児島市,460011,1,1,,,,,,
4620300,鹿屋市,460022,1,1,,,,,,
4620400,枕崎市,460015,1,1,,,,,,
4620600,阿久根市,460012,1,1,,,,,,
4620800,出水市,460012,1,1,,,,,,
4621000,指宿市,460015,1,1,,,,,,
4621300,西之表市,460031,1,1,,,,,,
4621400,垂水市,460022,1,1,,,,,,
4621501,薩摩川内市,460013,1,1,,,,,,
4621502,薩摩川内市甑島,460014,1,1,,,,,,
4621600,日置市,460011,1,1,,,,,,
4621700,曽於市,460021,0,0,,,,,,
4621800,霧島市,460013,1,1,,,,,,
4621900,いちき串木野市,460011,1,1,,,,,,
4622000,南さつま市,460015,1,1,,,,,,
4622100,志布志市,460021,1,1,,,,,,
4622200,奄美市,460041,1,1,,,,,,
4622300,南九州市,460015,1,1,,,,,,
4622400,伊佐市,460012,0,0,,,,,,
4622500,姶良市,460013,1,1,,,,,,
4630300,三島村,460031,1,1,,,,,,
4630400,十島村,460043,1,1,,,,,,
4639200,さつま町,460013,0,0,,,,,,
4640400,長島町,460012,1,1,,,,,,
4645200,湧水町,460013,0,0,,,,,,
4646800,大崎町,460021,1,1,,,,,,
4648200,東串良町,460022,1,1,,,,,,
4649000,錦江町,460022,1,1,,,,,,
4649100,南大隅町,460022,1,1,,,,,,
4649200,肝付町,460022,1,1,,,,,,
4650100,中種子町,460031,1,1,,,,,,
4650200,南種子町,460031,1,1,,,,,,
4650500,屋久島町,460032,1,1,,,,,,
4652300,大和村,460041,1,1,,,,,,
4652400,宇検村,460041,1,1,,,,,,
4652500,瀬戸内町,460041,1,1,,,,,,
4652700,龍郷町,460041,1,1,,,,,,
4652900,喜界町,460041,1,1,,,,,,
4653000,徳之島町,460042,1,1,,,,,,
4653100,天城町,460042,1,1,,,,,,
4653200,伊仙町,460042,1,1,,,,,,
4653300,和泊町,460042,1,1,,,,,,
4653400,知名町,460042,1,1,,,,,,
4653500,与論町,460042,1,1,,,,,,
4720100,那覇市,471011,1,1,,,,,,
4720500,宜野湾市,471012,1,1,,,,,,
4720700,石垣市,474011,1,1,,,,,,
4720800,浦添市,471011,1,1,,,,,,
4720900,名護市,471023,1,1,,,,,,
4721000,糸満市,471011,1,1,,,,,,
4721100,沖縄市,471012,1,1,,,,,,
4721200,豊見城市,471011,1,1,,,,,,
4721300,うるま市,471012,1,1,,,,,,
4721400,宮古島市,473001,1,1,,,,,,
4721500,南城市,471011,1,1,,,,,,
4730100,国頭村,471022,1,1,,,,,,
4730200,大宜味村,471022,1,1,,,,,,
4730300,東村,471022,1,1,,,,,,
4730600,今帰仁村,471023,1,1,,,,,,
4730800,本部町,471023,1,1,,,,,,
4731100,恩納村,471024,1,1,,,,,,
4731300,宜野座村,471024,1,1,,,,,,
4731400,金武町,471024,1,1,,,,,,
4731500,伊江村,471023,1,1,,,,,,
4732400,読谷村,471012,1,1,,,,,,
4732500,嘉手納町,471012,1,1,,,,,,
4732600,北谷町,471012,1,1,,,,,,
4732700,北中城村,471012,1,1,,,,,,
4732800,中城村,471012,1,1,,,,,,
4732900,西原町,471011,1,1,,,,,,
4734800,与那原町,471011,1,1,,,,,,
4735000,南風原町,471011,0,0,,,,,,
4735300,渡嘉敷村,471013,1,1,,,,,,
4735400,座間味村,471013,1,1,,,,,,
4735500,粟国村,471013,1,1,,,,,,
4735600,渡名喜村,471013,1,1,,,,,,
4735700,南大東村,472000,1,1,,,,,,
4735800,北大東村,472000,1,1,,,,,,
4735900,伊平屋村,471021,1,1,,,,,,
4736000,伊是名村,471021,1,1,,,,,,
4736100,久米島町,471030,1,1,,,,,,
4736200,八重瀬町,471011,1,1,,,,,,
4737500,多良間村,473002,1,1,,,,,,
4738100,竹富町,474012,1,1,,,,,,
4738200,与那国町,474020,1,1,,,,,,